<?xml version="1.0" encoding="UTF-8" standalone="yes"?>
<addon id="script.slideshow" name="Slideshow (by LPG)" version="1.1.0" provider-name="Lisardo Prieto">
	<requires>
		<import addon="xbmc.python" version="3.0.0"/>
	</requires>
	<extension point="xbmc.python.script" library="default.py">
		<provides>executable</provides>
	</extension>
	<extension point="xbmc.addon.metadata">
		<summary lang="es_ES">Una presentación de imágenes y vídeos</summary>
		<summary lang="en_EN">A slideshow of pictures and videos</summary>
		<description lang="es_ES">Plugin que muestra una presentación de imágenes y vídeos sin fin, con los ficheros admitidos que se encuentran en el directorio "pictures".</description>
		<description lang="en_EN">Plugin that provides a slideshow with the items within the "pictures" folder.</description>
		<language>es en</language>
		<platform>all</platform>
        <license>Creative Commons, Attribution 2.0 Generic (CC BY 2.0)</license>
        <email>me@lisardoprieto.com</email>
        <source>https://github.com/lpgonzalez/KODI-Slideshow-plugin</source>
        <news>v1.1.0 (17/04/2022)
[new] Added settings to specify the path of resources for the slideshow, and if they should be played in random order.
---
v1.0.0 (15/04/2022)
[new] First version of the plugin.
        </news>
        <assets>
            <icon>resources/icon.png</icon>
        </assets>
	</extension>
</addon>
